Session_ID,Filename,File_Size_Bytes,File_Size_MB,Validation_Time,Filename_Processing_Time,Save_Time,Size_Check_Time,Total_Time,Status,Error_Message
upload_20250808_174217,service-mbrs-ntscrm-00009167-00009167.mp4,408588631,389.66,4.029273986816406e-05,0.00015401840209960938,0.1824653148651123,5.9604644775390625e-06,0.18286681175231934,Success,
