Session_ID,Filename,File_Size_Bytes,File_Size_MB,Validation_Time,Filename_Processing_Time,Save_Time,Size_Check_Time,Total_Time,Status,Error_Message
upload_20250808_174337,service-mbrs-ntscrm-00021068-00021068.mp4,2083898324,1987.36,3.2901763916015625e-05,0.0001270771026611328,0.9102637767791748,5.245208740234375e-06,0.9106378555297852,Success,
