Session_ID,Filename,File_Size_Bytes,File_Size_MB,Validation_Time,Filename_Processing_Time,Save_Time,Size_Check_Time,Total_Time,Status,Error_Message
upload_20250808_174357,service-mbrs-ntscrm-00063365-00063365.mp4,604578152,576.57,3.457069396972656e-05,0.00014591217041015625,0.2705862522125244,6.4373016357421875e-06,0.27097487449645996,Success,
