Session_ID,Filename,File_Size_Bytes,File_Size_MB,Validation_Time,Filename_Processing_Time,Save_Time,Size_Check_Time,Total_Time,Status,Error_Message
upload_20250808_174420,service-mbrs-ntscrm-00068306-00068306.mp4,611984394,583.63,3.504753112792969e-05,0.00012683868408203125,0.27053093910217285,5.4836273193359375e-06,0.27086710929870605,Success,
